supplier_id,supplier_name,country,contact_email,contract_start
supp_001,Himalayan Traders Pvt Ltd,Nepal,contact@himalayantra1.com,4/1/2016
supp_002,Sagarmatha Suppliers,Nepal,contact@sagarmathasu2.com,4/13/2015
supp_003,Nepal Commerce Hub,Nepal,contact@nepalcommerc3.com,1/31/2018
supp_004,Kathmandu Wholesale Co,Nepal,contact@kathmanduwho4.com,9/30/2017
supp_005,Lumbini Trading House,Nepal,contact@lumbinitradi5.com,7/3/2017
supp_006,Everest Distribution,Nepal,contact@everestdistr6.com,7/25/2016
supp_007,Bagmati Enterprises,Nepal,contact@bagmatienter7.com,2/24/2016
supp_008,Terai Supply Chain,Nepal,contact@teraisupplyc8.com,2/11/2021
supp_009,Koshi Imports Pvt Ltd,Nepal,contact@koshiimports9.com,12/23/2015
supp_010,Gandaki Merchants,Nepal,contact@gandakimerch10.com,8/15/2021
supp_011,Pashupati Traders,Nepal,contact@pashupatitra11.com,9/25/2019
supp_012,Janakpur Trading Co,Nepal,contact@janakpurtrad12.com,5/11/2015
supp_013,Chitwan Bazaar Pvt Ltd,Nepal,contact@chitwanbazaa13.com,5/3/2015
supp_014,Dhaulagiri Suppliers,Nepal,contact@dhaulagirisu14.com,1/19/2016
supp_015,Rapti Wholesale,Nepal,contact@raptiwholesa15.com,6/14/2017
supp_016,Makalu Import Export,Nepal,contact@makaluimport16.com,8/10/2017
supp_017,Langtang Commerce,Nepal,contact@langtangcomm17.com,8/31/2020
supp_018,Annapurna Supply Co,Nepal,contact@annapurnasup18.com,10/1/2021
supp_019,Himalayan Traders Pvt Ltd Branch 2,Nepal,contact@himalayantra19.com,4/19/2015
supp_020,Sagarmatha Suppliers Branch 3,Nepal,contact@sagarmathasu20.com,4/17/2021
supp_021,Nepal Commerce Hub Branch 4,Nepal,contact@nepalcommerc21.com,3/25/2017
supp_022,Kathmandu Wholesale Co Branch 5,Nepal,contact@kathmanduwho22.com,2/10/2021
supp_023,Lumbini Trading House Branch 6,Nepal,contact@lumbinitradi23.com,9/15/2019
supp_024,Everest Distribution Branch 7,Nepal,contact@everestdistr24.com,6/21/2017
supp_025,Bagmati Enterprises Branch 8,Nepal,contact@bagmatienter25.com,1/14/2020
supp_026,Terai Supply Chain Branch 9,Nepal,contact@teraisupplyc26.com,8/10/2021
supp_027,Koshi Imports Pvt Ltd Branch 10,Nepal,contact@koshiimports27.com,2/13/2018
supp_028,Gandaki Merchants Branch 11,Nepal,contact@gandakimerch28.com,1/27/2015
supp_029,Pashupati Traders Branch 12,Nepal,contact@pashupatitra29.com,10/15/2016
supp_030,Janakpur Trading Co Branch 13,Nepal,contact@janakpurtrad30.com,9/28/2019
supp_031,Chitwan Bazaar Pvt Ltd Branch 14,Nepal,contact@chitwanbazaa31.com,10/25/2018
supp_032,Dhaulagiri Suppliers Branch 15,Nepal,contact@dhaulagirisu32.com,2/12/2018
supp_033,Rapti Wholesale Branch 16,Nepal,contact@raptiwholesa33.com,9/28/2016
supp_034,Makalu Import Export Branch 17,Nepal,contact@makaluimport34.com,5/31/2017
supp_035,Langtang Commerce Branch 18,Nepal,contact@langtangcomm35.com,10/10/2018
supp_036,Annapurna Supply Co Branch 19,Nepal,contact@annapurnasup36.com,2/23/2016
supp_037,Himalayan Traders Pvt Ltd Branch 20,Nepal,contact@himalayantra37.com,1/15/2016
supp_038,Sagarmatha Suppliers Branch 21,Nepal,contact@sagarmathasu38.com,4/6/2019
supp_039,Nepal Commerce Hub Branch 22,Nepal,contact@nepalcommerc39.com,2/1/2016
supp_040,Kathmandu Wholesale Co Branch 23,Nepal,contact@kathmanduwho40.com,1/10/2019
supp_041,Lumbini Trading House Branch 24,Nepal,contact@lumbinitradi41.com,11/9/2018
supp_042,Everest Distribution Branch 25,Nepal,contact@everestdistr42.com,10/8/2021
supp_043,Bagmati Enterprises Branch 26,Nepal,contact@bagmatienter43.com,12/19/2017
supp_044,Terai Supply Chain Branch 27,Nepal,contact@teraisupplyc44.com,6/27/2015
supp_045,Koshi Imports Pvt Ltd Branch 28,Nepal,contact@koshiimports45.com,2/25/2020
supp_046,Gandaki Merchants Branch 29,Nepal,contact@gandakimerch46.com,1/5/2021
supp_047,Pashupati Traders Branch 30,Nepal,contact@pashupatitra47.com,5/26/2016
supp_048,Janakpur Trading Co Branch 31,Nepal,contact@janakpurtrad48.com,3/31/2019
supp_049,Chitwan Bazaar Pvt Ltd Branch 32,Nepal,contact@chitwanbazaa49.com,11/19/2015
supp_050,Dhaulagiri Suppliers Branch 33,Nepal,contact@dhaulagirisu50.com,3/11/2021
supp_051,Rapti Wholesale Branch 34,Nepal,contact@raptiwholesa51.com,4/15/2018
supp_052,Makalu Import Export Branch 35,Nepal,contact@makaluimport52.com,12/8/2021
supp_053,Langtang Commerce Branch 36,Nepal,contact@langtangcomm53.com,1/21/2019
supp_054,Annapurna Supply Co Branch 37,Nepal,contact@annapurnasup54.com,6/22/2021
supp_055,Himalayan Traders Pvt Ltd Branch 38,Nepal,contact@himalayantra55.com,2/26/2017
supp_056,Sagarmatha Suppliers Branch 39,Nepal,contact@sagarmathasu56.com,10/12/2015
supp_057,Nepal Commerce Hub Branch 40,Nepal,contact@nepalcommerc57.com,7/7/2015
supp_058,Kathmandu Wholesale Co Branch 41,Nepal,contact@kathmanduwho58.com,7/22/2017
supp_059,Lumbini Trading House Branch 42,Nepal,contact@lumbinitradi59.com,3/31/2018
supp_060,Everest Distribution Branch 43,Nepal,contact@everestdistr60.com,11/23/2015
supp_061,Mumbai Exports Ltd,India,contact@mumbaiexport61.com,8/11/2017
supp_062,Delhi Trading Corp,India,contact@delhitrading62.com,2/18/2016
supp_063,Bangalore Tech Supply,India,contact@bangaloretec63.com,4/6/2019
supp_064,Kolkata Wholesale House,India,contact@kolkatawhole64.com,2/12/2018
supp_065,Chennai Distributors,India,contact@chennaidistr65.com,2/1/2020
supp_066,Hyderabad Commerce,India,contact@hyderabadcom66.com,2/3/2019
supp_067,Rajasthan Traders,India,contact@rajasthantra67.com,10/28/2016
supp_068,Gujarat Supply Chain,India,contact@gujaratsuppl68.com,2/25/2019
supp_069,Punjab Exports Pvt,India,contact@punjabexport69.com,12/26/2018
supp_070,UP Trading Company,India,contact@uptradingcom70.com,5/8/2017
supp_071,Mumbai Exports Ltd Branch 2,India,contact@mumbaiexport71.com,12/29/2017
supp_072,Delhi Trading Corp Branch 3,India,contact@delhitrading72.com,10/20/2015
supp_073,Bangalore Tech Supply Branch 4,India,contact@bangaloretec73.com,10/31/2021
supp_074,Kolkata Wholesale House Branch 5,India,contact@kolkatawhole74.com,12/1/2016
supp_075,Chennai Distributors Branch 6,India,contact@chennaidistr75.com,12/27/2020
supp_076,Hyderabad Commerce Branch 7,India,contact@hyderabadcom76.com,9/29/2017
supp_077,Rajasthan Traders Branch 8,India,contact@rajasthantra77.com,10/31/2016
supp_078,Gujarat Supply Chain Branch 9,India,contact@gujaratsuppl78.com,3/8/2020
supp_079,Punjab Exports Pvt Branch 10,India,contact@punjabexport79.com,4/4/2019
supp_080,UP Trading Company Branch 11,India,contact@uptradingcom80.com,1/10/2018
supp_081,Mumbai Exports Ltd Branch 12,India,contact@mumbaiexport81.com,3/31/2021
supp_082,Delhi Trading Corp Branch 13,India,contact@delhitrading82.com,6/18/2017
supp_083,Bangalore Tech Supply Branch 14,India,contact@bangaloretec83.com,8/21/2018
supp_084,Kolkata Wholesale House Branch 15,India,contact@kolkatawhole84.com,8/18/2015
supp_085,Chennai Distributors Branch 16,India,contact@chennaidistr85.com,7/27/2017
supp_086,Hyderabad Commerce Branch 17,India,contact@hyderabadcom86.com,5/12/2015
supp_087,Rajasthan Traders Branch 18,India,contact@rajasthantra87.com,7/16/2018
supp_088,Gujarat Supply Chain Branch 19,India,contact@gujaratsuppl88.com,7/2/2019
supp_089,Punjab Exports Pvt Branch 20,India,contact@punjabexport89.com,1/1/2018
supp_090,UP Trading Company Branch 21,India,contact@uptradingcom90.com,9/29/2015
supp_091,Mumbai Exports Ltd Branch 22,India,contact@mumbaiexport91.com,5/14/2017
supp_092,Delhi Trading Corp Branch 23,India,contact@delhitrading92.com,5/12/2021
supp_093,Bangalore Tech Supply Branch 24,India,contact@bangaloretec93.com,7/12/2018
supp_094,Kolkata Wholesale House Branch 25,India,contact@kolkatawhole94.com,5/20/2017
supp_095,Chennai Distributors Branch 26,India,contact@chennaidistr95.com,8/6/2020
supp_096,Hyderabad Commerce Branch 27,India,contact@hyderabadcom96.com,6/9/2019
supp_097,Rajasthan Traders Branch 28,India,contact@rajasthantra97.com,2/23/2020
supp_098,Gujarat Supply Chain Branch 29,India,contact@gujaratsuppl98.com,8/8/2016
supp_099,Punjab Exports Pvt Branch 30,India,contact@punjabexport99.com,12/20/2017
supp_100,UP Trading Company Branch 31,India,contact@uptradingcom100.com,7/25/2016
supp_101,Shenzhen Electronics Co,China,contact@shenzhenelec101.com,10/7/2017
supp_102,Guangzhou Trading Corp,China,contact@guangzhoutra102.com,4/18/2021
supp_103,Beijing Supply Ltd,China,contact@beijingsuppl103.com,1/16/2021
supp_104,Shanghai Exports Inc,China,contact@shanghaiexpo104.com,12/12/2017
supp_105,Yiwu Wholesale Market,China,contact@yiwuwholesal105.com,7/22/2021
supp_106,Dongguan Manufacturing,China,contact@dongguanmanu106.com,10/21/2019
supp_107,Hangzhou Commerce Co,China,contact@hangzhoucomm107.com,7/18/2021
supp_108,Fujian Import Export,China,contact@fujianimport108.com,6/24/2019
supp_109,Chengdu Trade House,China,contact@chengdutrade109.com,1/22/2019
supp_110,Wenzhou Supplies Ltd,China,contact@wenzhousuppl110.com,6/17/2017
supp_111,Shenzhen Electronics Co Branch 2,China,contact@shenzhenelec111.com,7/20/2016
supp_112,Guangzhou Trading Corp Branch 3,China,contact@guangzhoutra112.com,9/18/2020
supp_113,Beijing Supply Ltd Branch 4,China,contact@beijingsuppl113.com,7/14/2020
supp_114,Shanghai Exports Inc Branch 5,China,contact@shanghaiexpo114.com,1/8/2016
supp_115,Yiwu Wholesale Market Branch 6,China,contact@yiwuwholesal115.com,7/12/2015
supp_116,Dongguan Manufacturing Branch 7,China,contact@dongguanmanu116.com,3/25/2016
supp_117,Hangzhou Commerce Co Branch 8,China,contact@hangzhoucomm117.com,9/18/2016
supp_118,Fujian Import Export Branch 9,China,contact@fujianimport118.com,10/17/2016
supp_119,Chengdu Trade House Branch 10,China,contact@chengdutrade119.com,9/26/2019
supp_120,Wenzhou Supplies Ltd Branch 11,China,contact@wenzhousuppl120.com,9/8/2021
supp_121,Shenzhen Electronics Co Branch 12,China,contact@shenzhenelec121.com,9/18/2015
supp_122,Guangzhou Trading Corp Branch 13,China,contact@guangzhoutra122.com,4/26/2019
supp_123,Beijing Supply Ltd Branch 14,China,contact@beijingsuppl123.com,4/13/2019
supp_124,Shanghai Exports Inc Branch 15,China,contact@shanghaiexpo124.com,9/6/2021
supp_125,Yiwu Wholesale Market Branch 16,China,contact@yiwuwholesal125.com,4/1/2020
supp_126,Dongguan Manufacturing Branch 17,China,contact@dongguanmanu126.com,12/7/2020
supp_127,Hangzhou Commerce Co Branch 18,China,contact@hangzhoucomm127.com,10/26/2017
supp_128,Fujian Import Export Branch 19,China,contact@fujianimport128.com,3/16/2021
supp_129,Chengdu Trade House Branch 20,China,contact@chengdutrade129.com,2/17/2015
supp_130,Wenzhou Supplies Ltd Branch 21,China,contact@wenzhousuppl130.com,4/14/2016
supp_131,Shenzhen Electronics Co Branch 22,China,contact@shenzhenelec131.com,1/8/2021
supp_132,Guangzhou Trading Corp Branch 23,China,contact@guangzhoutra132.com,12/28/2017
supp_133,Beijing Supply Ltd Branch 24,China,contact@beijingsuppl133.com,10/25/2018
supp_134,Shanghai Exports Inc Branch 25,China,contact@shanghaiexpo134.com,4/1/2016
supp_135,Yiwu Wholesale Market Branch 26,China,contact@yiwuwholesal135.com,4/17/2018
supp_136,Dongguan Manufacturing Branch 27,China,contact@dongguanmanu136.com,11/16/2019
supp_137,Hangzhou Commerce Co Branch 28,China,contact@hangzhoucomm137.com,10/9/2016
supp_138,Fujian Import Export Branch 29,China,contact@fujianimport138.com,2/2/2020
supp_139,Chengdu Trade House Branch 30,China,contact@chengdutrade139.com,1/14/2015
supp_140,Wenzhou Supplies Ltd Branch 31,China,contact@wenzhousuppl140.com,12/14/2017
supp_141,Shenzhen Electronics Co Branch 32,China,contact@shenzhenelec141.com,8/12/2020
supp_142,Guangzhou Trading Corp Branch 33,China,contact@guangzhoutra142.com,1/1/2017
supp_143,Beijing Supply Ltd Branch 34,China,contact@beijingsuppl143.com,9/10/2020
supp_144,Shanghai Exports Inc Branch 35,China,contact@shanghaiexpo144.com,3/11/2016
supp_145,Yiwu Wholesale Market Branch 36,China,contact@yiwuwholesal145.com,5/7/2018
supp_146,Dongguan Manufacturing Branch 37,China,contact@dongguanmanu146.com,9/10/2020
supp_147,Hangzhou Commerce Co Branch 38,China,contact@hangzhoucomm147.com,10/30/2021
supp_148,Fujian Import Export Branch 39,China,contact@fujianimport148.com,3/25/2017
supp_149,Chengdu Trade House Branch 40,China,contact@chengdutrade149.com,9/18/2016
supp_150,Wenzhou Supplies Ltd Branch 41,China,contact@wenzhousuppl150.com,3/12/2019
supp_151,Dhaka Garments Export,Bangladesh,contact@dhakagarment151.com,10/23/2016
supp_152,Chittagong Suppliers,Bangladesh,contact@chittagongsu152.com,1/18/2021
supp_153,Bangladesh Trading House,Bangladesh,contact@bangladeshtr153.com,12/12/2020
supp_154,Sylhet Commerce Co,Bangladesh,contact@sylhetcommer154.com,1/3/2015
supp_155,Rajshahi Import Export,Bangladesh,contact@rajshahiimpo155.com,9/19/2021
supp_156,Dhaka Garments Export Branch 2,Bangladesh,contact@dhakagarment156.com,8/20/2018
supp_157,Chittagong Suppliers Branch 3,Bangladesh,contact@chittagongsu157.com,6/24/2020
supp_158,Bangladesh Trading House Branch 4,Bangladesh,contact@bangladeshtr158.com,3/21/2015
supp_159,Sylhet Commerce Co Branch 5,Bangladesh,contact@sylhetcommer159.com,4/3/2016
supp_160,Rajshahi Import Export Branch 6,Bangladesh,contact@rajshahiimpo160.com,1/26/2019
supp_161,Dhaka Garments Export Branch 7,Bangladesh,contact@dhakagarment161.com,6/13/2018
supp_162,Chittagong Suppliers Branch 8,Bangladesh,contact@chittagongsu162.com,9/7/2017
supp_163,Bangladesh Trading House Branch 9,Bangladesh,contact@bangladeshtr163.com,8/26/2015
supp_164,Sylhet Commerce Co Branch 10,Bangladesh,contact@sylhetcommer164.com,9/13/2017
supp_165,Rajshahi Import Export Branch 11,Bangladesh,contact@rajshahiimpo165.com,5/12/2021
supp_166,Dhaka Garments Export Branch 12,Bangladesh,contact@dhakagarment166.com,11/19/2015
supp_167,Chittagong Suppliers Branch 13,Bangladesh,contact@chittagongsu167.com,12/17/2015
supp_168,Bangladesh Trading House Branch 14,Bangladesh,contact@bangladeshtr168.com,6/13/2020
supp_169,Sylhet Commerce Co Branch 15,Bangladesh,contact@sylhetcommer169.com,10/11/2015
supp_170,Rajshahi Import Export Branch 16,Bangladesh,contact@rajshahiimpo170.com,12/21/2020
supp_171,Dhaka Garments Export Branch 17,Bangladesh,contact@dhakagarment171.com,5/30/2016
supp_172,Chittagong Suppliers Branch 18,Bangladesh,contact@chittagongsu172.com,6/9/2016
supp_173,Bangladesh Trading House Branch 19,Bangladesh,contact@bangladeshtr173.com,4/30/2020
supp_174,Sylhet Commerce Co Branch 20,Bangladesh,contact@sylhetcommer174.com,3/1/2021
supp_175,Rajshahi Import Export Branch 21,Bangladesh,contact@rajshahiimpo175.com,11/7/2016
supp_176,Dubai Wholesale Hub,UAE,contact@dubaiwholesa176.com,12/21/2017
supp_177,Abu Dhabi Trading Corp,UAE,contact@abudhabitrad177.com,12/1/2020
supp_178,Sharjah Supply Chain,UAE,contact@sharjahsuppl178.com,10/20/2021
supp_179,Emirates Commerce Ltd,UAE,contact@emiratescomm179.com,9/30/2019
supp_180,Gulf Trading House,UAE,contact@gulftradingh180.com,5/17/2017
supp_181,Dubai Wholesale Hub Branch 2,UAE,contact@dubaiwholesa181.com,1/17/2021
supp_182,Abu Dhabi Trading Corp Branch 3,UAE,contact@abudhabitrad182.com,4/3/2017
supp_183,Sharjah Supply Chain Branch 4,UAE,contact@sharjahsuppl183.com,6/30/2018
supp_184,Emirates Commerce Ltd Branch 5,UAE,contact@emiratescomm184.com,6/23/2019
supp_185,Gulf Trading House Branch 6,UAE,contact@gulftradingh185.com,3/10/2019
supp_186,Dubai Wholesale Hub Branch 7,UAE,contact@dubaiwholesa186.com,11/30/2019
supp_187,Abu Dhabi Trading Corp Branch 8,UAE,contact@abudhabitrad187.com,10/20/2020
supp_188,Sharjah Supply Chain Branch 9,UAE,contact@sharjahsuppl188.com,1/24/2020
supp_189,Emirates Commerce Ltd Branch 10,UAE,contact@emiratescomm189.com,5/10/2016
supp_190,Gulf Trading House Branch 11,UAE,contact@gulftradingh190.com,10/12/2017
supp_191,Dubai Wholesale Hub Branch 12,UAE,contact@dubaiwholesa191.com,7/9/2017
supp_192,Abu Dhabi Trading Corp Branch 13,UAE,contact@abudhabitrad192.com,9/20/2015
supp_193,Sharjah Supply Chain Branch 14,UAE,contact@sharjahsuppl193.com,10/16/2018
supp_194,Emirates Commerce Ltd Branch 15,UAE,contact@emiratescomm194.com,3/28/2015
supp_195,Gulf Trading House Branch 16,UAE,contact@gulftradingh195.com,8/6/2021
supp_196,Dubai Wholesale Hub Branch 17,UAE,contact@dubaiwholesa196.com,3/18/2021
supp_197,Abu Dhabi Trading Corp Branch 18,UAE,contact@abudhabitrad197.com,7/31/2017
supp_198,Sharjah Supply Chain Branch 19,UAE,contact@sharjahsuppl198.com,8/7/2021
supp_199,Emirates Commerce Ltd Branch 20,UAE,contact@emiratescomm199.com,6/21/2017
supp_200,Gulf Trading House Branch 21,UAE,contact@gulftradingh200.com,1/30/2015
